live_pcode,breadcrumb
1,"홈 > 실사출력 > 인화지"
3,"홈 > 실사출력 > 점착소재(합성지)"
4,"홈 > 실사출력 > PET"
5,"홈 > 실사출력 > 조명용필름(Back light)"
6,"홈 > 실사출력 > 그래픽천"
7,"홈 > 실사출력 > 캔버스천"
8,"홈 > 실사출력 > 아크릴판넬"
9,"홈 > 실사출력 > 알루미늄판넬"
10,"홈 > 실사출력 > 나무판넬"
11,"홈 > 실사출력 > 보드"
12,"홈 > 실사출력 > 실내용배너"
13,"홈 > 실사출력 > 실외용배너"
14,"홈 > 실사출력 > 현수막"
15,"홈 > 실사출력 > 족자"
18,"홈 > 실사출력 > 미니배너"
19,"홈 > 실사출력 > 미니스탠딩"
22,"홈 > 디지털인쇄 > 디지털출력"
23,"홈 > 디지털인쇄 > 소량전단지·포스터"
24,"홈 > 디지털인쇄 > 리플렛·팜플렛"
25,"홈 > 디지털인쇄 > 도장쿠폰"
26,"홈 > 디지털인쇄 > 명함(디지털)"
27,"홈 > 디지털인쇄 > 카드명함"
28,"홈 > 디지털인쇄 > 특수지출력"
29,"홈 > 디지털인쇄 > 사각라운딩 스티커"
30,"홈 > 디지털인쇄 > 원형·타원 스티커"
31,"홈 > 디지털인쇄 > 대봉투·소봉투"
32,"홈 > 디지털인쇄 > 상품권·쿠폰"
33,"홈 > 디지털인쇄 > 엽서"
34,"홈 > 디지털인쇄 > 카드·초대장"
35,"홈 > 디지털인쇄 > 탁상형캘린더 제작"
36,"홈 > 책자,캘린더 > 무선제본"
37,"홈 > 책자,캘린더 > PUR제본"
38,"홈 > 책자,캘린더 > 트윈링제본"
39,"홈 > 책자,캘린더 > 중철제본"
40,"홈 > 책자,캘린더 > 하드커버무선"
41,"홈 > 책자,캘린더 > 하드커버트윈링"
44,"홈 > 책자,캘린더 > 싸바리바인더"
47,"홈 > 디지털인쇄 > 박명함"
50,"홈 > 디지털인쇄 > 코팅엽서"
52,"홈 > 디지털인쇄 > 지그재그엽서"
53,"홈 > 디지털인쇄 > 엽서북"
55,"홈 > 디지털인쇄 > 떡메모지"
56,"홈 > 디지털인쇄 > 반칼스티커"
57,"홈 > 디지털인쇄 > 모양명함"
59,"홈 > 패키지,포장재 > 배경지(76x100)+투명봉투"
60,"홈 > 패키지,포장재 > 배경지(76x120)+투명봉투"
61,"홈 > 패키지,포장재 > 배경지(86x120)+투명봉투"
62,"홈 > 패키지,포장재 > 배경지(62x180)+투명봉투"
63,"홈 > 패키지,포장재 > 헤더택(110)+투명봉투"
64,"홈 > 패키지,포장재 > 헤더택(140)+투명봉투"
65,"홈 > 패키지,포장재 > 헤더택(160)+투명봉투"
66,"홈 > 패키지,포장재 > 라벨·텍"
68,"홈 > 디지털인쇄 > 엽서(가로형)캘린더 제작"
69,"홈 > 디지털인쇄 > 엽서(세로형)캘린더 제작"
70,"홈 > 디지털인쇄 > 벽걸이캘린더 제작"
71,"홈 > 디지털인쇄 > 투명엽서"
72,"홈 > 굿즈 > 투명아크릴키링"
73,"홈 > 굿즈 > 린넨 패브릭포스터"
75,"홈 > 굿즈 > 아크릴뱃지"
76,"홈 > 굿즈 > 모양스마트톡"
78,"홈 > 굿즈 > 아크릴마그넷"
93,"홈 > 굿즈 > 아크릴집게"
94,"홈 > 굿즈 > 아크릴자석명찰"
95,"홈 > 굿즈 > 아크릴볼펜"
97,"홈 > 굿즈 > 아크릴 자유형 스탠드"
98,"홈 > 굿즈 > 아크릴 미니파츠"
99,"홈 > 굿즈 > 판아크릴"
100,"홈 > 굿즈 > 아크릴 포카 스탠드"
101,"홈 > 굿즈 > 아크릴 네임택(포카키링)"
102,"홈 > 디지털인쇄 > 포토카드"
